,0,fname
0,3.904160467718031,c74683e339b9b830.jpeg
1,-0.5962475067240464,9a51313574c545cb.jpeg
2,2.3740546574018144,044d59694f1a3b0a.jpeg
3,-1.304252905294721,72733261b09399d1.png
4,0.4977393443953438,070f0c0d5d142f00.jpeg
5,4.509728370963154,2dc9ccf4545595bd.jpeg
6,-1.3671425059954203,d859b6d2c149a2a9.jpeg
7,-2.816589023329253,4d60525c3c3e3e66.jpeg
8,-0.29206134925912264,fce7e5b55a9535d6.jpeg
9,-1.108846638173243,662e0c63a377fe7e.jpeg
10,2.0061144906567856,0000ccc848368900.jpeg
11,0.7816910190383503,f2d2b1b1cdcc2931.jpeg
12,-0.5786780124056291,4146c73716b5b534.jpeg
13,5.050814900628836,9539796523a32722.jpeg
14,-1.4255029961137258,88892f2733e7e3c7.jpeg
15,1.1820854017307012,061a512528898981.jpeg
16,0.3736552056192295,c684525666868a92.jpeg
17,-2.477748009606308,375f7c1e33d5cc68.jpeg
18,-2.6960824065015476,1cf421d112d6ccda.jpeg
19,-1.78861015733406,1e3cd0d83a55cdb2.jpeg
20,0.08420407667171953,28130d276def6e7d.jpeg
21,-2.4370980786642233,06646168d6dacc81.jpeg
22,-0.5499858468304913,09899d9a3267c823.jpeg
23,-1.7109293857332422,6677f3cd3e7ef6fe.jpeg
24,-1.7457761349385021,d8dadc7c3e9c81ab.jpeg
25,-2.3927789422083237,47731ad387878383.jpeg
26,-2.173665204167103,797ed0c0e2d746d8.jpeg
27,-0.6689880451114328,e0e86ae4b266e599.jpeg
28,-0.929669008400615,f1d9b5a4eb692b6b.jpeg
29,0.35331639546468363,c4c13c06f271c990.jpeg
30,0.005970029601088915,c645c3e2b69fc0f0.jpeg
31,3.4307246115631127,e061d8902c299300.jpeg
32,-1.825086480876695,f8b0bcd85bccc7b2.jpeg
33,-2.4780676521309877,66d3191382a2a020.jpeg
34,-3.1785684975247293,86f6465a46f46d6d.jpeg
35,-1.35503956652099,78e2e1f08ccbcfd7.jpeg
36,-2.0597831672467257,0719252465c9f4ee.jpeg
37,-3.2628303105405703,e5c988cbdad8d0b3.jpeg
38,-1.7116055198992783,9ec8013d4466c3c1.jpeg
39,-1.7141409036547974,bebf3ab3f937ecfc.jpeg
40,-2.08119910437629,e8c386b6c6f4b2b1.jpeg
41,-2.711691394831846,e0c8d8c9c6d26526.jpeg
42,-2.0384697833528627,e3c959b199e8627a.jpeg
43,-2.430449889415593,4129a96c9a3376b1.jpeg
44,-1.3617032633966668,864e4623d8bae992.jpeg
45,0.13646708260200735,262e2c1ed22c1a5a.jpeg
46,-0.454312662237447,e0d0797e5e16a6ae.jpeg
47,-2.5801528227003723,c353a477b6900a06.jpeg
48,-0.22967944968906537,e62ebab5378381e0.jpeg
49,-1.983081498221223,ecccc2cb491f7a78.jpeg
50,6.056608948583851,2333b33970021303.jpeg
51,1.5700297894216557,70280b1376cf9c70.jpeg
52,-2.4083841229343133,c3f8fbfbef977749.jpeg
53,-0.06919355614018691,a3c7776f26674fdb.jpeg
54,-1.5790095966880442,08006567257211b1.jpeg
55,4.936581103167108,0336724f27efcec7.jpeg
56,-2.5380710443806187,fbff65679bdef6fe.jpeg
57,5.010702712471525,01000973e7e60044.jpeg
58,-2.0686005344699674,7263e72689005359.png
59,5.439694247024177,43c7933162e2ad96.jpeg
60,5.075347791769866,9393a6c4c3d0e032.jpeg
61,-2.4350010980100514,c85b92908798d0f9.jpeg
62,-2.823322133363323,b9189c7c584252ec.jpeg
63,2.6370788080661756,5e7b230aca4e9fbc.jpeg
64,1.6924469303810916,5e5e5ecec6cc3b3f.jpeg
65,0.3224020472786768,d9d3d3768e8edb71.jpeg
66,-2.7597760091674903,4192266554cfa5e5.jpeg
67,-3.1918233420346254,36359ae2251d8e1d.jpeg
68,5.61353277146217,02003726ce4f0002.jpeg
69,2.0871592867219104,6b3f24c47474351d.jpeg
70,-2.5597860793288367,0303906686b462e6.jpeg
71,4.376960964212776,27a7a2716be0b0b8.jpeg
72,1.6403433128892968,b7b48dbc386300d8.jpeg
73,5.93706022382279,7cbe8ea484c8ccc7.jpeg
74,-0.041107547411931046,f7e960e557e77f74.jpeg
75,-2.3346828626375,f8eee4e9c94c46d6.jpeg
76,-1.3505151665350152,eee8e1e0eacffdb4.jpeg
77,-2.6335436358676643,482c9f8f972a2606.jpeg
78,2.928670765593226,0787e6ac8c99699e.jpeg
79,4.631022886796128,590332562fefc667.jpeg
80,0.39346933529112715,090c4c898b8f83c0.jpeg
81,-1.818157219877006,b8ecccc8d0e79705.jpeg
82,4.614735920816243,8484840d79696130.jpeg
83,-1.5173557635254271,6a64e6e4f472b435.jpeg
84,0.5551182632856372,8ccc56114be6f614.jpeg
85,-1.461827638473352,00b0e4c0d4c8e8b4.jpeg
86,2.0904773540751864,ba5c6e635c183428.jpeg
87,-1.7549166615588592,c5e4e4e2e6e6f0c8.jpeg
88,-0.31912721131965105,264e4624894be0f4.jpeg
89,-2.148568288474045,ac9ebedfd7beda26.jpeg
90,-2.8434530656475956,109404061c69f6ea.jpeg
91,-1.7997527801516002,091c168ecb36690c.jpeg
92,-3.0196290859695694,3f7d26f4c8c0c6c2.jpeg
93,3.977333368201214,949d8d8d9d89cade.jpeg
94,-2.1960195531650353,b2dad8f239b9abf3.jpeg
95,0.008413121542103554,d8fc3d9d9cb7f7f6.jpeg
96,-1.409709043030363,133321a1613169cd.jpeg
97,-1.342819548609597,c7cfef9ebd7c525b.jpeg
98,-1.5666112743591607,595b53dbc2e4ad67.jpeg
99,3.957825230420369,c0f4f8fc7c6dcf9a.jpeg
100,-2.096797509408924,e02094c45cf1e1f1.jpeg
101,0.9561390547328026,afadca4a96bc7a7e.jpeg
102,2.375604961337262,20c4809212222aca.jpeg
103,2.5600690630344793,88dcccf9eb4ecc83.jpeg
104,-2.452521100943042,d0c2480141200804.jpeg
105,-0.7398543353369863,3d9dddcfcf573257.jpeg
106,-1.608720618707994,98d9c71ff2649871.jpeg
107,-2.387461981917881,616175f1f939a596.jpeg
108,-1.3258545821988938,b1990f1bda0d1343.jpeg
109,-2.116215413664538,e8e8e6c6e4a6273e.jpeg
110,-3.4203710596271186,262465584c4c9e1e.jpeg
111,-2.1671582556484794,0e1e7f7c060a45c6.jpeg
112,3.718373115903902,a7a3ffcb7eb6c6e8.jpeg
113,5.0574517912979955,8ce666859cdc4ace.jpeg
114,2.113304679480115,e1e3ce44be1f9fcc.jpeg
115,1.8531462462744555,6d785ee7e2f8f8f2.jpeg
116,2.317454734086341,c098b1704c7db9bb.jpeg
117,-2.134777240872577,e8f1f9d8d8f934a6.jpeg
118,-0.4266203911008999,60186868567e2c18.jpeg
119,1.1547618137456954,abcac3ff84673e0e.jpeg
120,4.664748043250248,03038b8bbc71c3bb.jpeg
121,-2.661490979285091,81b8f37325b6b554.jpeg
122,0.8547811187768871,426e6224471d986c.jpeg
123,-1.7787811240542015,8b886c4c32789293.jpeg
124,0.19159740988799154,0d2d6b6337971c2b.jpeg
125,-1.3111545912049247,b5fdf4e766d1a0a6.jpeg
126,-0.06162001212684125,cc988ce6cdcd9cb4.jpeg
127,-1.7378493061065106,9a4c4c646435b61a.jpeg
128,6.204958554425685,3b9919a9cccecb1c.jpeg
129,2.980479103221301,989c9a737bd7dbb3.jpeg
130,5.240693906981839,6c2aee637f797beb.jpeg
131,-2.257480665174706,7ce46978787b33d1.jpeg
132,-1.9222536713526786,c4c9d0c1f84ee667.jpeg
133,-0.2838325515491294,05c54565ddd4b437.jpeg
134,-2.6011149010625996,7262646126722230.jpeg
135,2.108059222820872,1c74d180e6f0983c.jpeg
136,-1.048496478095136,f1f9bb577423306c.jpeg
137,-1.2585099215922733,5f66b66c6667e13d.jpeg
138,0.1408241700044828,91350f4f53190f07.jpeg
139,1.7838365297577097,eacbc9e138787870.jpeg
140,-3.2225040402879914,036cd8d82e6e6eec.jpeg
141,-3.1067375482780593,54dc6ea4b7939bbb.jpeg
142,-1.9787686165745286,62763676a5d9e4c0.jpeg
143,-2.7589351497446626,e46171f1b0f45514.jpeg
144,1.2835168108861228,25711a6c6d249a32.jpeg
145,-1.4601079178568328,7cf0d3eb3ed6f4ec.jpeg
146,-2.751314343605914,c66c460626525327.jpeg
147,15.126484680490817,656d0d5575f3e274.jpeg
148,-1.2022601649724438,f0e8cc8cb1e9fcdb.jpeg
149,-2.7226424438003827,c20d11dad656aa33.jpeg
150,-1.6857835393001377,f2d49475acf3c5dc.jpeg
151,0.011182618747594195,fe8a24244d039ff8.jpeg
152,0.4927813482933568,153c34b4d978289c.jpeg
153,-3.2321873643843126,00800884f11a1909.jpeg
154,-2.117410829163725,3b1949795d61753d.jpeg
155,-2.2745013882279137,d26e2d51681909c0.jpeg
156,-3.035185020340902,0c009298d1d3f2da.jpeg
157,-0.6169117111084235,d3cbcbc6c6c6c787.jpeg
158,-2.5752664135008856,efdbeb5296726243.jpeg
159,-2.907546985635512,e405c6e029b0e792.jpeg
160,-0.8313719359804452,959495959571d386.jpeg
161,-2.858289330261111,693978f0e0c9cdec.jpeg
162,0.25172211005928,07303c34d6d1ed55.jpeg
163,0.5264321956097634,136ba3838680d0c0.jpeg
164,-1.65307864665747,b3b286c6b4b05c6d.jpeg
165,2.7636099922857897,c2d8b0a08ccec680.jpeg
166,-0.07736221522486274,e63c9884180c1d0d.jpeg
167,-0.9100247515727546,494c4c4c86925b0c.jpeg
168,-2.0946815911575536,d8d8f8b8405273f3.jpeg
169,2.1374097380741124,da3212f6f0c86a6a.jpeg
170,1.185445454296425,32334efef09c8a90.jpeg
171,-0.6139742917518795,6b791d2b6a72626a.jpeg
172,-0.15149014895446822,a6262e3ec1187232.jpeg
173,-1.1874129254066015,da1a393b3be7e0ec.jpeg
174,3.429895435568077,e4e4e6d2f3f2d6cc.jpeg
175,-1.0070806983232,9d8fde44c69e58f6.jpeg
176,2.024002068704446,149270991a64a484.jpeg
177,2.7444739236759186,f2f2c8c8a8a8ecc4.jpeg
178,2.6712884288916223,1c9c9a0d59782e4a.jpeg
179,5.249643640232366,c26a33a2aace746c.jpeg
180,-2.8842861564794804,4ac6cec4c94b4bcc.jpeg
181,-1.9136753610687267,3cac089e654b66b3.jpeg
182,4.065846192429414,321b21233f9fecf9.jpeg
183,-0.5169535840545738,fc90848c8cc6f8c5.jpeg
184,-2.1593503522370097,e6a7679ba4ccb185.jpeg
185,-2.427737709614311,20a686aca4cd9d96.jpeg
186,-2.7232863619506182,3470c006da9cb645.jpeg
187,-2.673586560103531,394bcfcdcfc9c9cb.jpeg
188,5.674531449355475,0f079797982c61a9.jpeg
189,3.500149797941795,5a5ae5d6c88ca048.jpeg
190,0.2510735615942826,0e16b469c127ced8.jpeg
191,2.659857627918826,52534ada9a061000.jpeg
192,-2.595005741772297,782c61c57072ab89.jpeg
193,0.49210104943546545,40635356dcd1b2e6.jpeg
194,-1.723884447880882,607c3cf435e898bc.jpeg
195,-0.27845782582330264,f0ccebc1c1cbcecc.jpeg
196,0.1427786473798023,e246c6e1912f1f8d.jpeg
197,5.191273280387144,8e8e96969ca4a9b9.jpeg
198,2.7963340205835987,8fc200d9dd1c6c32.jpeg
199,-1.4312579165549288,3f7574684cb97fd3.jpeg
200,-0.06310372722004086,5b6909078c656969.jpeg
201,-0.2832479021574853,22672727040081c4.jpeg
202,1.8832837758549321,7a7b2e7ef08188e4.jpeg
203,-2.276074545863633,e0324a66665c2a2c.jpeg
204,-0.7708022416835204,787929b96658d8da.jpeg
205,-2.2774200440010395,5de72ba98f62f3a3.jpeg
206,16.177759812001167,195b92ca2a270626.jpeg
207,4.28863335794482,d969f9db9a86a446.jpeg
208,1.550311955814706,b535991a9d1acf8c.jpeg
209,-2.6928419167954116,5816145634a0aa8b.jpeg
210,-0.12490828985192823,e0f0fcfefafb7bf8.jpeg
211,-0.04807291854209567,8880a0683a2cf3cd.jpeg
212,1.2240919095688494,79f9e9e1e4741c60.jpeg
213,0.582810065407588,48ca644d55d4c6c3.jpeg
214,0.7218288575022715,8080bc9f97939c1c.jpeg
215,-2.1158744943212295,4666e2ca657674bc.jpeg
216,-1.26479765697549,27c7c1c5ce4a3a24.jpeg
217,-1.0361002331914715,3ed2f3f3349a1616.jpeg
218,-2.2377740030672513,342015476e7f7e7f.jpeg
219,0.9154706450631452,e66e3e96ab976363.jpeg
220,-0.12070459066539535,604478b9bbfbfbfe.jpeg
221,-0.1109072922991393,e3f3f3d9e4d4ecdc.jpeg
222,3.611583053880391,0c0c185441515818.jpeg
223,-0.004291868614141659,d61416a2386af078.jpeg
224,-2.210392025938194,fa6c75ed6cd1d253.jpeg
225,3.9286388099340677,340407178b880400.jpeg
226,-2.4504783599545594,404606242e3a2612.jpeg
227,0.3170575386369723,0c8a10848cdddc7c.jpeg
228,-1.1604205552622933,08b7661e352ad515.jpeg
229,3.540347402828492,b199bd95998d9d9d.png
230,-0.5376538526604213,139b9bebbb591189.jpeg
231,0.08958923296137004,6279f9e5e16b4945.jpeg
232,-1.4112804417371398,b0f0b8b071f5c1f1.jpeg
233,-2.555720442107174,cb5ad4c7f3e6d658.jpeg
234,4.697975063610773,cbe647cd4c31e284.jpeg
235,-2.444971847378939,c6ece9aa852329cd.jpeg
236,-2.5844137176654796,5d57170bac345ed5.jpeg
237,-1.445897882744064,c6c64a4e2e161611.jpeg
238,-2.2110571924485667,3fdf1f97cd73349e.jpeg
239,-1.5503157691460716,b2d1d1c9acd8d8c4.jpeg
240,14.810636948028925,eee0e1b3929b9adc.jpeg
241,-3.2398134438665895,c4f0b3b83890dc3c.jpeg
242,-2.458526094187988,fc7d7f77e9d3cf6f.jpeg
243,-1.492615082702549,b070744b9998e8e1.jpeg
244,-2.314680698650707,0420b130c7b4664f.jpeg
245,5.634205370763618,d0f0c8e8f0d8d4e4.jpeg
246,-2.8703452504145175,41e737465b73b3f3.jpeg
247,3.5923501432227374,e0c0e060908d0799.jpeg
248,-1.1954433958108481,c9496989990b2808.jpeg
249,-3.1634756981991283,c8c8c8598982d552.jpeg
250,4.908446230526953,297371c56beb6b4e.jpeg
251,4.085334994225878,90706aece58909c8.jpeg
252,3.226324911052482,5a981c985958a058.jpeg
253,-2.2352073377372603,a08191814df1346c.jpeg
254,-3.2090135538017557,d50705645832b591.jpeg
255,-2.107037034455061,6667262cede8ecc1.jpeg
256,3.832208476578563,ca4c9d8d1d4c8f2d.jpeg
257,3.621106489173073,68405eacb44272c2.jpeg
258,-1.2186971972271232,00002020b4b8b026.jpeg
259,-2.8355381180202746,8445b4b4ad60c080.jpeg
260,0.43001062053262207,656769a99cb3a5ac.jpeg
261,5.817432977434508,2226263a5a4c3901.jpeg
262,-1.9457983009802338,c480e060e2666c6c.jpeg
263,5.673208009341942,018dccce3cdcf6b2.jpeg
264,-2.0252285553471037,854c921b0b565c33.jpeg
265,-1.4539901558909554,dbb3bf1f171f0e46.jpeg
266,-0.6283852598306799,72322a6e25645213.jpeg
267,1.0944590929106057,a79a889dcec2a62e.jpeg
268,-0.1449884178624461,cdc92322855f7974.jpeg
269,-3.0543352482659696,1a3b5c5cd83803f6.jpeg
270,2.12453046332346,f67e3e9a9afefcd8.jpeg
271,-1.9823734961431227,a8f2e0e078f8ce6b.jpeg
272,3.2022158120948694,d9bcdab19dc3717b.jpeg
273,0.23150463637805857,acf0a084f3c8c8c2.jpeg
274,0.07479354841347835,f131300514262220.jpeg
275,2.387073829789254,bc9dd67e788044f2.jpeg
276,-2.089847112725518,68703676d68e2d6f.jpeg
277,-1.147226013921024,395df9ececcc2346.jpeg
278,-1.896681479008203,81c2c888c0f0700f.jpeg
279,-2.0752317836909775,f3eab293a7e90846.jpeg
280,-0.22125098345311964,ca4766520a3f3ef2.jpeg
281,-0.5580582892925718,496160383b060a93.jpeg
282,-1.1370608646171056,decdcd42169f9aaf.jpeg
283,0.8801814817513888,7327274717bc7258.jpeg
284,-1.8660972721138913,781bd3f6dba9846c.jpeg
285,-1.4718044960800085,ceb7f776f6ad7444.jpeg
286,1.1479580324315235,1f0cb49b5f3d3f3d.png
287,-2.1339254309033913,32383cbdf5065646.jpeg
288,-1.9903029925067157,82870f03b3da9b8e.jpeg
289,0.5322314153030709,c7722c9e984ce86c.jpeg
290,-2.2284528554539116,f0385c4ccc6cdce4.jpeg
291,-0.7641209794010186,d8e070f2d2302c0c.jpeg
292,5.6000897412166735,1e96a6f3b83cf0f0.jpeg
293,1.1034680575443465,dee77b95907909c0.jpeg
294,4.518090890617339,392d24cc4cec84a5.jpeg
295,-3.3607651646523897,ac8c94bcb4f0f22b.jpeg
296,1.506083430835916,e7e6e7df3c706266.jpeg
297,3.897745752175927,9b9b6e1f7aecf9e8.jpeg
298,-0.30831608171503505,ec9c0d4c18bc78cc.jpeg
299,-1.2121481534488745,67676ed79898886c.jpeg
300,-1.0628785437235666,2d6371732390d1d6.jpeg
301,-3.3573552578304655,131322a9c9e99000.jpeg
302,1.6427210136697263,1d99b0b8f8b879b8.jpeg
303,-2.177211659481203,233377d5c9494910.jpeg
304,-2.484876092110476,e0c8c94262606a76.jpeg
305,5.230317981567983,18191b7060044770.jpeg
306,-1.933331118826893,70d2c63612747e09.jpeg
307,-1.3347578976243846,98bb382dcf514545.jpeg
308,-1.9481159026176507,01561511da5a386f.jpeg
309,0.7789379256971486,30b0a3797d3b3b7a.jpeg
310,-0.23762495478188245,19970f5be715dd9d.jpeg
311,2.7314319151389785,b292b8e8c8e8d858.jpeg
312,-1.6996056025594146,0e0e0e0c91382e18.jpeg
313,1.2595880748327493,383f6565ef66ce1a.jpeg
314,2.7889483332464162,03879c302675f74f.jpeg
315,3.964232087729454,b7f3d69c3932cc30.jpeg
316,3.6849634338060766,0c34dad8e0c43ccc.jpeg
317,1.2350149169796634,32327350920144d4.jpeg
318,-0.7842686969399911,ad1f79c16799271a.jpeg
319,-2.0871496400290392,3469b3d8d9d99b6b.jpeg
320,-1.5485346446443793,4d5513dbd343c313.jpeg
321,-2.055364018860041,e4c5c9c9c8a9455c.jpeg
322,1.0228901055035793,c4d0c8e524a6b4d8.jpeg
323,-1.6761010143948922,f0d42074a93138e2.jpeg
324,-2.4467344497410477,00c6495a5b5b4a2f.jpeg
325,0.23359504499002676,20d69692acce30b5.jpeg
326,2.331026946334511,cce863e360d89062.jpeg
327,-1.2562884102548366,c3c3e7c323318020.jpeg
328,5.44496320558594,76ccc8c89cb6f633.jpeg
329,-2.405930613194917,c9ddf4c480010343.jpeg
330,-1.7458637657279006,64cbf336b71b3818.jpeg
331,-2.486571416356861,7373b3b7b3b3f3b3.jpeg
332,15.421579860507457,9943534242484a4a.png
333,-2.1493854931878453,c3e7677ed6b38dad.jpeg
334,1.206039324558388,3cb573b23e6edf62.jpeg
335,-3.189880783827992,7071616438c94f4c.jpeg
336,5.326553819238913,3e36368c91964c44.jpeg
337,-1.916600991211778,c1e351c0c242a969.jpeg
338,0.06819821140348828,8e16ec0e06220acc.jpeg
339,5.142103640279063,aa2042383d078aa9.jpeg
340,1.017672326556487,d1f971ea9a7eeccc.jpeg
341,-2.070570672152654,95d5f5c9a6330b4b.jpeg
342,-0.31096749362117476,97466b696970f058.jpeg
343,3.27219582018938,dc5a5e8f7c63c2d6.jpeg
344,-2.1165215883213717,18d0c14ccdf39881.jpeg
345,0.9576888994250267,4ece535a3a76c498.jpeg
346,-1.9700016921726884,f0f4c56c1c98519b.jpeg
347,0.23925570584724098,87c2e8e481d0f2a7.jpeg
348,-0.9795464242780758,3e3e3cfc39397915.jpeg
349,0.8776475547522836,b3724a1b1b1b1e2e.png
350,-2.4579255212381854,eb3b426464a68d9d.jpeg
351,-2.140944427602396,79e9cc9c86849c92.jpeg
352,0.18613679859120819,977e5e64696b6969.jpeg
353,2.1141240889983166,00c292b11a11950b.jpeg
354,-1.0901053964018457,fdf0f2d1579290a0.jpeg
355,-3.169032975838176,c3648683c3f5f5fa.jpeg
356,-2.9119540660647063,999387dcde1b3264.jpeg
357,-2.7808816890766987,dedc5accf0dccffb.jpeg
358,-0.3190110230581079,9a8cac682c78f86c.jpeg
359,3.5675288427622385,3c1c3a309c940098.jpeg
360,-1.654500271650684,e6e2d2da98889864.jpeg
361,1.788165052811485,dada3c32a28666a6.jpeg
362,-1.7010971540478865,f862365d2c343e32.jpeg
363,4.421093076569667,9e9e9fb2f2a72112.jpeg
364,0.35423603963161227,66268fab7b0f971f.jpeg
365,-0.7909076688641455,121f1e1513131265.jpeg
366,1.444218890133543,1e5988858aa6b694.jpeg
367,0.6055633759016391,9bdb1e1e388bc79c.jpeg
368,0.23539207476492058,4bf1fd9d1eccf533.jpeg
369,-3.3520446604340535,8c4fd93931381e17.jpeg
370,1.2444114918715583,584849692b2d2d2f.jpeg
371,0.448937012407136,400a49c934341411.jpeg
372,-1.3629530419229816,09d8d89d0b5d6b2c.jpeg
373,-1.1951836308225205,0ece4a529a123622.jpeg
374,-2.469852259582286,d09599199a933b5c.jpeg
375,-1.2969179735191483,00c0cb9bd3f49494.jpeg
376,0.8012366577211046,831b9bfb3171fcd9.jpeg
377,-3.347151166007847,cda7b6383831303a.jpeg
378,-1.4681675664143186,8328f8d8ccd0fc8e.jpeg
379,-2.6155399080333304,ee76631898b41d49.jpeg
380,-1.154008875459977,84e5390919731b3c.jpeg
381,-2.439437839353074,80c4c1c76ccc18d9.jpeg
382,-2.680482079681964,e56773139b29459f.jpeg
383,-2.599167537296855,d6888ec73918c965.jpeg
384,2.940735828379974,00aee6e76dc2cbe9.jpeg
385,-2.3642610560351116,4d2a76444cd8d565.jpeg
386,-0.9159095994087225,fbfb7a7e9a5a1c21.jpeg
387,-0.33518855475826254,e4f0c80d8184d6a0.jpeg
388,2.7662215711916494,951e6e53d12643d3.png
389,-0.11813219905093451,a0e4671e2f6e39f9.jpeg
390,-0.8164567450102744,85ca4ae4c4e3c3c1.jpeg
391,-2.1251043440088613,c8d952d6c353d398.jpeg
392,0.9587015586739256,534b4b531313637a.jpeg
393,-2.162781721763221,087666ea903d7856.jpeg
394,-2.4922483729287666,80e0b0fcff37dfa6.jpeg
395,-1.1604816036137058,0c446636268dcd4f.jpeg
396,-1.7785240415495414,d464fcf27cee7212.jpeg
397,-2.4827467528985436,6dba8a16c6a606b6.jpeg
398,-1.6431318554880003,49c0c8482d3ca6e6.jpeg
399,-0.20888548618687772,cc7c789291a2b252.jpeg
400,-3.307421574800835,e8e272a6c6cec929.jpeg
401,-2.1453672632192076,16022086819c8283.jpeg
402,-3.0687047687536024,3b36c73371715f7f.jpeg
403,-1.7192053639948612,5a3465c949651fcf.jpeg
404,4.025497543609437,032353c6e6ea6a9e.jpeg
405,-0.5672966616203118,0e3c183cb3888d3e.jpeg
406,1.8591210277092949,6c9891318da6a92c.jpeg
407,-2.783637616334851,212393d6d2926cdc.jpeg
408,-2.364155508028894,dbdbfbdbdedecedc.jpeg
409,-1.9089827475899066,f9f8fcadf6ecde34.jpeg
410,-1.1459549900642063,900dadcc8f25092c.jpeg
411,1.8297080730397497,8acb699686d7f080.jpeg
412,-1.2156156763596484,1792bc2726757999.png
413,-1.2371374835607394,5b59266e6a621337.jpeg
414,-2.5593431940661886,d9999dd477470f17.jpeg
415,-3.6589038047147775,7bcbe260f836b699.jpeg
416,-1.5510019988953982,c88c8ce8c06c6812.jpeg
417,-2.7380456033583025,a9c9e1c8f2a0cc4c.jpeg
418,-1.6485057115062267,707474e5cd4acdc9.jpeg
419,-1.8824933851983692,6363635ad4be6d4c.jpeg
420,-2.146096625305831,82a48659759e8b6d.jpeg
421,-0.6830339225775072,686664bc919190f0.jpeg
422,-2.8908129658097157,0006213919193c6c.jpeg
423,2.7695780282978872,63f3a4ac5874c4e4.jpeg
424,0.9402836125496132,6178783164f2f219.jpeg
425,-1.0424664527500294,6565d2fad04c4ec2.jpeg
426,-3.138074938297477,7777b4d670a0d21a.jpeg
427,0.08824026916682606,292199a931193945.jpeg
428,-2.561489090909332,242d2c2c9da5e4e4.jpeg
429,-1.835010865313589,c565636d6dad6be5.jpeg
430,-3.8559861228535666,a9a3a3cbddcd9d99.jpeg
431,-0.35304843982449047,6eb8f66266a2effc.jpeg
432,3.822926876809189,7c5ecccce9629667.jpeg
433,7.776502124734622,7969c94b656e3670.jpeg
434,-1.4355319882140691,ff46645999c91836.jpeg
435,-0.15009712940546613,c1d78f8883870737.jpeg
436,0.6819350416413045,e07e929848c14367.jpeg
437,16.016699016987545,c1c3a626b67767c7.jpeg
438,-0.28935884847234833,7c4507addae0d0c0.jpeg
439,-1.7479086850241303,c2f2defeba77d9d9.jpeg
440,0.7504720722528491,39b226323af3f1c0.jpeg
441,-0.04783172926630046,9d9032732531e8e0.jpeg
442,-1.6554730060053087,d4d8f38292d6cd44.jpeg
443,-0.7264670670967406,71d6948c98999696.jpeg
444,-2.190380341031837,118ba5717d4c0bd0.jpeg
445,-1.4314653671208843,0084c1d3c81dd353.jpeg
446,-1.8736588969624068,3db1a0941a26234b.jpeg
447,15.718590183097895,94d6b64a8c940b20.jpeg
448,1.8750415957859636,263230143a312133.jpeg
449,-3.1100939725921743,1130316048686460.jpeg
450,5.515048091076021,a75558d8ac9c9c98.jpeg
451,-0.5271648500456122,e1c4dc5868581018.jpeg
452,-2.123927330632691,f1c4e1735724b0cc.jpeg
453,-0.8309236874158079,996d9631715c8cb8.jpeg
454,-1.4970674748166308,66e6e6218dc9e0b9.png
455,0.09378710919016775,0e6361ee6b28eccc.jpeg
456,-1.004494722558581,c6846171933020fc.jpeg
457,5.9230298696099695,1d3b3975672563a3.jpeg
458,3.3678187451240706,371f7f5e3e3e9796.jpeg
459,-1.593539378218817,e3e3f2b1a2e24106.jpeg
460,3.459937552726203,ed76f2b186663438.jpeg
461,3.669275420088053,979f8aa6ca8a91c2.jpeg
462,-2.7415409542622027,b036a393272f5d03.jpeg
463,5.572044987584835,e6e6fe7c3d302020.jpeg
464,-0.04441108828180089,966367c68ded8f13.jpeg
465,-2.648197424188879,303c071634eec6c6.jpeg
466,-1.6492975010173914,e488f0e0f0595592.jpeg
467,-0.4959176527835146,90c0013158c96c38.jpeg
468,-0.9253156053324035,37d9c0041f7f69c3.jpeg
469,-0.9414168905865071,6438203030b4b070.jpeg
470,-3.063775853781101,8eacb434cd726264.jpeg
471,-1.8997921269394626,d8ecb8d8b292c3a1.jpeg
472,-1.6014150314126108,949498cc4ed098b2.png
473,-1.7766624637245045,707858d474cc8ca8.jpeg
474,-1.789014208636297,fefefddce3933ab1.jpeg
475,-2.8723788111256896,7736371b2d6554c3.jpeg
476,-1.7813942784170194,4757d6c4e4d09b93.jpeg
477,2.6401360249053725,32326ac581e5c153.jpeg
478,-2.5822500104698163,2a2ac3ce90a4c726.jpeg
479,0.6045330348424409,34727a6c666a8dd4.jpeg
480,-1.213285330958876,6176f2f96138feff.jpeg
481,-0.8537575939329015,8383b3d318c3dc5c.jpeg
482,-3.020831281545662,10c0f89d6bffdc9c.jpeg
483,-3.1499813750740557,1d5e6f6e744e5adb.jpeg
484,-1.0717412638679162,adcecc011144b939.jpeg
485,-0.8465330687710413,d5e5e67612b2fa69.jpeg
486,0.4601557763388766,26961a0b031261a7.jpeg
487,0.5289274301373666,0e466f26d61a1865.jpeg
488,1.1010701494959443,62fa3434f170e8da.jpeg
489,-3.184462087089906,cdad4c5832b2126a.jpeg
490,3.5604653707056606,f2f6298ec6d62627.jpeg
491,-1.066812891381614,c6d6e69716d69e8c.jpeg
492,-1.3862344069092336,f3f9eca8a2f2f1e9.jpeg
493,1.0400279450997603,a8acc6d3db1f7e4e.jpeg
494,-0.2608828117949103,9950d09069b58985.jpeg
495,-2.1480812838405234,a3a7e26a9833d3e3.jpeg
496,0.4714969149592546,6f3d2ccdcc646a6e.jpeg
497,0.09184177045517591,9a3898181c7fba2a.jpeg
498,-2.8515911284958624,b4b477367563a6b6.jpeg
499,-2.204700622123504,6048854c2a4c4c36.jpeg
500,2.665911528825217,bff9ece6fa371f5e.jpeg
501,4.108302970175443,74706b4b040b43a9.jpeg
502,-1.7653579792894396,f0f2e0606012f2f8.jpeg
503,-2.745031639964201,cf4fecc3c2e0c040.jpeg
504,-2.6126189815134544,9a4cc1f336cdc81a.jpeg
505,-2.8046022392594865,c4c6c6d6863511a6.jpeg
506,0.1796649578730198,848a838282b28e62.jpeg
507,-2.4287046717608862,c04141c0c5013174.jpeg
508,-0.14932003742463731,302c2e29d89b89e9.jpeg
509,0.7087350475695844,78df3c6049d8b8fe.jpeg
510,-0.36096588622206954,c0e0ac0e94a8b2d0.jpeg
511,-1.5639674782237047,1db5eddeb5f90b4c.jpeg
512,-1.7664313506310234,9ae16108cdc58323.jpeg
513,-2.485044429740451,30b1b696e74d3206.jpeg
514,-2.000270758191115,00c0a19794626001.jpeg
515,-2.2468162573951034,c809098585c96dec.jpeg
516,-0.788362517013691,82961b229696c0fe.jpeg
517,-2.4423042916554962,0a6d6eebe9cce2e3.jpeg
518,4.772358528765204,1b9f9fefd93e60c0.jpeg
519,-0.5138835337587631,9999d149f95b31b9.jpeg
520,2.7970409781830474,fc7c68cc6d130e0c.jpeg
521,-2.976764296891608,97a1a9c382e43f3e.jpeg
522,-2.1337731432839644,cd734649ca36bbdb.jpeg
523,0.24274718376822976,e3f9f0e9a3a2b927.jpeg
524,-0.8549678889922239,24c9012c347d9587.jpeg
525,-2.387917010504917,e1e96978a699f924.jpeg
526,-3.8022094226265875,00cec6f3a1ebe8c6.jpeg
527,-0.49892881419883944,ed62eac58f8f3d3e.jpeg
528,-0.37135118576849124,679ea1ec6c791d05.jpeg
529,1.4567873939694116,c9c5d0c88c9c99b5.jpeg
530,5.488448141594398,65b5cb8a0a4a465a.jpeg
531,-2.187435608719618,63e7c6c86872345c.jpeg
532,-3.216212585150209,93a6c84e29baf060.jpeg
533,-0.4544213225069691,4464252429192357.jpeg
534,-1.2832393000345517,34b9f9f1f99999a9.jpeg
535,-2.1202595244417783,999a929230d0d0b4.jpeg
536,0.5292869558402608,e5c4c2f21682c074.jpeg
537,-1.1320381036931568,04c8f1704e5ad3f4.jpeg
538,-2.4781934304919373,9e9d567672f47551.jpeg
539,4.326899710209942,9686c3cda9f871b9.jpeg
540,14.870287584866286,b18119479772428d.jpeg
541,15.008100191248227,8fcbaf8b68e58482.jpeg
542,1.7443596824601362,e9e199d9d0bcfcfc.jpeg
543,-2.1075557055520093,c1c0d0c444a4b431.jpeg
544,-2.6263845743308125,a1408f9b16323535.jpeg
545,2.0656130615289463,e7c7f3f3da30b2c3.jpeg
546,-0.8512971148303325,1cdcbceee296a6b4.jpeg
547,2.5180800239305547,6c688c4d60d14b29.jpeg
548,1.0446746175603903,fbf2b6e139c7cf3f.jpeg
549,3.4605990786970864,cdcce1635959beb2.jpeg
550,-2.5474213817674523,ffdef9f17138d8d0.jpeg
551,5.167452341574578,185e5aa4d6d88048.jpeg
552,-1.2025737261819118,be3c3c3db9654547.jpeg
553,0.02523254697303592,86aa9c7cbecf0dbf.jpeg
554,-1.9713129510670995,72e2e2a0e1c32159.jpeg
555,-2.335285279254232,4f0e708ef4e28ef0.jpeg
556,-3.1800070304834187,b7c5d96869cbdadb.jpeg
557,-1.9615230568226096,bfbf2330644cccae.jpeg
558,-1.6275671024434064,b97c3c3a6e2e32d2.jpeg
559,-2.9177382261667573,2fb36b491b1b8b0b.jpeg
560,3.3370820575247278,9c38390b19070e86.jpeg
561,-1.9836855347413327,808080a03934250b.jpeg
562,-1.8133584792585324,1f9f574b6d63240d.jpeg
563,-2.791784285051076,0c0842d0c8d199b9.jpeg
564,-0.2356491151854554,7979797a7a5e5ed6.jpeg
565,0.21149614051387264,052d230b03020280.jpeg
566,-2.273315128766688,c35361252d8fefef.jpeg
567,-1.0471967026368545,c9a8e4b65ad97878.jpeg
568,-1.96728246547324,dece4a6260c14250.jpeg
569,-2.1746259581924305,94a08c2ba38d1594.jpeg
570,-0.4978572823014276,80fb7f4f15264784.jpeg
571,-0.630026504098223,f4aca993c6ceba1a.jpeg
572,-0.8141167491171746,2122501130286060.jpeg
573,-1.8079463214677092,79b1f1e3e43e6ccd.jpeg
574,-2.738965802212177,9b593939f9f9f155.jpeg
575,-1.6662940069525802,b29a3e36569163ca.jpeg
576,-1.430238562584956,615f5660e22e4f26.jpeg
577,-0.18597562061360334,70d0e49591c5c030.jpeg
578,3.5281401044219676,4ca2f2f1f97918c4.jpeg
579,4.62813040680481,7079f1b4b4a464c8.jpeg
580,5.4761420523165185,b3939b9b83828590.jpeg
581,6.940397687426962,a5a636a6a637f567.jpeg
582,-3.0733117027467287,3692ce4658399a37.jpeg
583,-0.30212549537792793,bcb0c6901a137532.jpeg
584,4.233578146013277,60605a783c25068b.jpeg
585,-1.2175991168874227,f1f3d9e8fe4fe7ad.jpeg
586,-3.032754776418583,9ea0818dc88838aa.jpeg
587,0.20221637960381458,504826666b64f4f1.jpeg
588,-0.5888124388120207,d0d0d80c00846279.jpeg
589,15.623500152289672,8e6ad2bbbbb19199.jpeg
590,3.6986774973553485,c6e4624639ad6e74.jpeg
591,-0.8858421778904577,1d0b20c05212496e.jpeg
592,1.1154916302224103,4ccce4e138cd0e0b.jpeg
593,-1.970477923980092,3e1ebb964d2d3434.jpeg
594,-2.8582517474103017,f7f9d97c98b5d892.jpeg
595,-1.8556480774677344,bd2151b361d4cc15.jpeg
596,0.8246521648652496,c787c3c5c7838183.jpeg
597,-1.211332356014349,aab2b2622692a8f0.jpeg
598,-1.4519491214925724,101445020a2e6464.jpeg
599,-2.2707197526966127,d3ae989296838b9e.jpeg
600,-0.7403007695441994,486c2a898c8a8b8a.jpeg
601,-1.2438717661977263,2e1613137a6e6587.jpeg
602,6.15017452894669,d0d4daf330d81450.jpeg
603,0.29960091028619806,4cb1b1287353131b.jpeg
604,2.052819523216325,e3675e9a9b934cb0.jpeg
605,-2.495129140606084,f57d1ca6b2a74918.jpeg
606,-3.1786484980471923,a4a4a4b232b62c10.jpeg
607,-0.243079734885296,7da193a1390ca8d4.jpeg
608,1.848036626193409,b2b24f7bd8ce868c.jpeg
609,-2.6816683561221457,a3e2d092906565e3.jpeg
610,5.136156815784942,726243928383b2d2.jpeg
611,-2.6954225502044116,a549596461ebd4fc.jpeg
612,2.2573134175460923,beaeb3998fcff1fc.jpeg
613,-1.7968177493815853,ea74b7795931b9e5.png
614,-3.0085854891919372,9a1c3c9ec4838689.jpeg
615,0.08024369638035812,1b7475cd406b3bbb.jpeg
616,5.544875726659498,dc88c1e0c0587c70.jpeg
617,1.3445299687336691,39bd94b3b393e4e0.jpeg
618,-2.1061661987257025,164748c42f2b1bfc.jpeg
619,-2.423219397673406,3830a3290c022868.jpeg
620,4.519436429293312,cec7e44cecb574e4.jpeg
621,-2.1074647382467284,337b30b094dc4464.jpeg
622,4.539096208010023,20209294362d910c.jpeg
623,1.8689904532149935,f2b2b8b0e0e9e8ec.jpeg
624,2.3511018003055635,6423337373c10f0e.jpeg
625,-1.3293216998622717,8e0b0bfad96f9e31.jpeg
626,-2.7795077841270825,21260448c9d690c6.jpeg
627,-2.397471477948022,9c9eb6b67bdb3327.jpeg
628,-1.9091013944452555,00080424a6a32322.jpeg
629,1.4480325972043224,cdcd850903c43680.jpeg
630,3.542445209014143,647cef7ee6eee6f3.jpeg
631,-1.6762128358034172,85e5e4cc4ccc9bcf.jpeg
632,-2.2235624576278976,0ff217444e2c7a8a.jpeg
633,-2.618808762751721,ae8c2d332145977f.jpeg
634,4.857169136236364,d9f4924319000884.jpeg
635,-1.5779914795298624,6ef4b32b69e8d853.jpeg
636,1.7675442300237014,38a496340c618e7c.jpeg
637,-2.124499661967484,2dad94e4c4d95548.png
638,6.990233445751679,94545696f1e81c98.jpeg
639,2.9587879537303516,e3e0f8d4cdce4640.jpeg
640,1.8879479118702558,171b333333331f37.jpeg
641,-1.3838066537154172,c959d1d19d9920e0.jpeg
642,-2.3046808293608714,f6cfc9394cbab2a2.jpeg
643,-3.016012624515252,00917f3e3e672e12.png
644,-2.197823190979976,3230202633db714e.jpeg
645,-2.843783850258302,222566421391a1a5.jpeg
646,-0.31049417566767784,68b1bdac2c56929c.jpeg
647,2.489994698264329,9f8f86a7b312c4e5.jpeg
648,-0.26272507488722097,a9617aaef886b4c1.jpeg
649,-3.5661748948124496,f3e7e7e5e7c5e1ee.jpeg
650,-2.249023634418442,6872f9f9a61e5074.jpeg
651,-2.679125854085544,f1d3c1d1c5ebcb93.jpeg
652,-1.1976744832413961,dadb646419b9998a.jpeg
653,5.189243751246012,5071e1e8822e7051.jpeg
654,-1.7310395349934518,6878d899b5a9abf9.jpeg
655,1.789734496694109,dbcfd51531b4a663.jpeg
656,0.2195632823224274,90d0e1f1891310f1.jpeg
657,-3.5263905790338854,7432282c2c6dba92.jpeg
658,-0.5180037506224335,955d9ecc433b9f6f.jpeg
659,-1.2220655776808267,d95a6cbcdc387c68.jpeg
660,2.7460998410015014,d5dddd5994dcd8a9.jpeg
661,5.1811826317439325,c5c64cf4d25291c0.jpeg
662,1.0713831823330389,340c0e666e7a7226.jpeg
663,-2.3906283388982033,d4ec1583b8b07159.jpeg
664,-2.0219813146958048,732d2a7bd9b8fcb5.jpeg
665,-1.6676985706257037,99995351b0b0aaab.jpeg
666,-0.20324223089139304,d373cfff7f6f6f2d.jpeg
667,-0.685882707490417,d3d2daf284b07838.jpeg
668,-0.8640255163763302,69e1e0f6d61b3430.jpeg
669,-2.9697231250938882,da9890d9cda736b7.jpeg
670,0.429928506377803,7c3ca7ad69410fff.jpeg
671,-1.3908832779878686,82e168e961da0f0c.jpeg
672,0.94900649523225,9d8519a3a38494c9.jpeg
673,-3.53726357280317,8e0e8ededf198d09.jpeg
674,-2.2386535279224233,6253092c6f123554.jpeg
675,-1.0843050189116938,222d4ac69d22ecd8.jpeg
676,-2.0089456247257687,ecce967b707e77ee.jpeg
677,0.6461856804982807,af5632e6472f8d8f.jpeg
678,5.837650310297811,4cdc982a3a323919.jpeg
679,-3.2581495333858124,90186c3af0c02686.jpeg
680,-1.4419242930748533,0682f2b6df97bb19.jpeg
681,-1.6919526851533655,c888b18565091ad9.jpeg
682,-2.7405375407857573,854448257ccdc303.jpeg
683,4.338211460949271,caea2a9bca78748f.jpeg
684,-0.9721712410353763,d08ab4b0939a8a2a.jpeg
685,2.378322105190226,8e9ccd6945492db9.png
686,4.628486453932837,2b317173d7e5e5e7.jpeg
687,-1.8514526150649784,f8e4949a94c58d2c.jpeg
688,-2.6645250830765823,1399e8eae27b6458.jpeg
689,-2.6908109916841334,3432390eb6881e92.jpeg
690,-1.9776308910033742,df7f3f7f253b346c.jpeg
691,-1.0566820868098203,e3e767e6a4a66843.jpeg
692,4.709586326908295,e448dc96c8373732.jpeg
693,-1.8635632132277593,090132f0d836324f.jpeg
694,15.88025085833443,c7e7e76602cbf924.jpeg
695,3.055458525070115,8c9ff9f060f0f00c.jpeg
696,-1.6161771344804754,484a4a4205826cd8.jpeg
697,-1.606788095917688,2d29aaf4f8f2d058.jpeg
698,-1.2704129559676944,cccc9c5cdb49e263.jpeg
699,-3.4321918503840134,c8c9d19391c8e8d2.jpeg
700,-2.631886467470543,5797cfcfd633bcb6.jpeg
701,0.8692538905908748,120919c84e987018.jpeg
702,0.4807601741990191,b554515d55547c6b.jpeg
703,-1.3013089059384073,70605edcf4c3a1cf.jpeg
704,0.44987452215253476,1f1f9e7dbffee2a0.jpeg
705,14.621644357444662,68e0f0c8c8020105.jpeg
706,-0.6742653144733353,34b4143c180606e0.jpeg
707,-2.133054991669407,523292c5a998e0fd.jpeg
708,-2.465970581090269,8181693921989b9b.jpeg
709,-0.04409322785181892,0000c8f201050043.jpeg
710,-1.8777553039432664,2409097c5693a719.jpeg
711,3.2453517585256173,694c760ea727868a.jpeg
712,-2.2648960042077984,4c4dc3a3ae7a72a1.jpeg
713,0.9210097189136953,e3f391b929884161.jpeg
714,-3.2977588623262712,243052736078adec.jpeg
715,1.398015934252984,747071e0f0a928e1.jpeg
716,-3.584103971248251,f1e0e0f9fb6c6d5c.jpeg
717,-1.048832116212719,e36567e571b38a80.jpeg
718,-0.7878789732412288,0b2b6fbe6aac80a6.jpeg
719,-2.14198379984899,a5c8ee32534c7881.jpeg
720,0.32246800831710976,6120874b05216e9c.jpeg
721,0.7353799618635384,4953c76c65650f1b.png
722,-2.4971385439643026,f099d64e4bdb4b5b.jpeg
723,5.543205079973834,7c6ceeeae1929a9c.jpeg
724,-2.5232251430321866,1737171d35883a32.jpeg
725,2.8137857864221827,3383a3a7c0511932.jpeg
726,5.5268727079843565,8d0f0c6c64696961.png
727,-2.110500982816466,4e0e0c4e423c292e.jpeg
728,-2.846876534421565,d026aedcfd69c6a3.jpeg
729,0.2932937558555022,fcf89f0d3c58aaab.jpeg
730,-0.5595448219620401,ff7b3fdd9f1f3cf0.jpeg
731,5.898630928980872,ca799dd9c2e94dec.jpeg
732,1.8943240726694497,d69009b1c1c4d8c0.jpeg
733,5.021541384693597,0d6969e6e6f1d256.jpeg
734,-3.5601883019824037,e1b1e9ed676dcea9.jpeg
735,3.667695923570995,9f9fd3e6d20f2433.jpeg
736,-1.7476561150889702,d6d0ec64b4a7e34b.jpeg
737,-1.9238292599748312,2c6868d161c4c356.jpeg
738,0.23369462125654192,cf8f8fcfcfe7a76f.jpeg
739,-2.9978487244448413,a02434302094a2a2.jpeg
740,0.12364182285600148,2622f0d0dac89e9e.jpeg
741,-1.9071779405664329,f48c81d0b0e1c7c3.jpeg
742,-0.974820572772151,293d0d278c56d2f0.jpeg
743,2.3532886722261566,4511303e7a5b5b52.jpeg
744,-0.1684602714157617,c381931504c090e4.jpeg
745,4.147123877860888,e7c6ecbc3898c1b8.jpeg
746,-1.3830771290841306,e98b2a3b0d1fb999.jpeg
747,2.6414718031138906,3f838323b99f3f9c.png
748,-2.2881139173642886,0204336268d89e24.jpeg
749,1.3776620922652292,d3c4ccfaf2e4f6f4.jpeg
750,1.4592973820143282,c0d049cb68a32000.jpeg
751,-2.6057048035617307,c7e6e1cdad69e9ed.jpeg
752,2.817537750708502,2b2635b7a6fcfafb.jpeg
753,-2.451929453967148,61c7cb43c6ac1aba.jpeg
754,-0.004888646007173626,b4f1d9cd534c2958.jpeg
755,-1.365632457560659,dad498595ab4f414.jpeg
756,2.253336397965364,c8c8c88db2d0f0b0.jpeg
757,2.013388877312963,14070706367b8727.jpeg
758,0.3034051364551034,d4394985b66ba1a1.jpeg
759,-1.0987933532685987,a9af0b994163179a.jpeg
760,16.985022450937105,9f06662733333333.jpeg
761,-3.0817381128202994,18003d5ee6f80069.jpeg
762,-2.19129232915382,5919392be9895343.jpeg
763,-1.4280147968477435,109890c2e83a9a89.jpeg
764,-2.0967077812577894,208080c0da406a23.jpeg
765,2.450036261433983,6673f3ce4ef7dddd.jpeg
766,-0.9450127974768648,64e3a5f10d000809.jpeg
767,-2.0913739950834853,3d3f276c75b5bebe.png
768,-0.14596135513161262,9f8f95b136672383.jpeg
769,-0.16349455314129147,fce0c2c693cccccc.jpeg
770,2.7201260139214694,30a4f2c0005fcdda.jpeg
771,-2.645954678891076,3030321292b391ad.jpeg
772,-0.8381877869629528,07e7e5c85cd73e33.jpeg
773,-1.7603782199067117,81838c0c99190ec7.jpeg
774,-1.8837039480999886,95a9173395bc39d9.jpeg
775,-1.9202785707211305,f976574b1c99db99.jpeg
776,-0.03227176377271194,05c4c4f44a4cfeb6.jpeg
777,-0.025761880097408273,b63705a4a7d3e5cb.jpeg
778,5.201115227382703,898e86c6ced89c34.jpeg
779,3.124241651537334,26062333369699d8.jpeg
780,-3.1037599871379706,23233383696874b1.jpeg
781,3.561632379640375,d9c9d89c9c53c68e.jpeg
782,2.7734140449081375,3191dde5a02cc298.jpeg
783,3.3344593457759895,70a0e4dc9d94d8d8.jpeg
784,-2.335347441732414,b2e6e733d8d8d8d9.jpeg
785,4.038118840205593,a7e7e6f5c0c3d1b4.jpeg
786,1.060523914285991,dedfdf3fceae6c6e.jpeg
787,-1.52206949771643,c10b98883a305199.jpeg
788,0.6633488609159628,649c05452018a5f4.jpeg
789,-2.6367243950275117,4dc919332bd1c3d8.jpeg
790,-1.994016271980529,030f0a1ae4b32363.jpeg
791,-2.1849142072697214,ddd5c1d1914389bc.jpeg
792,-2.4593020316940217,188e9a9f5f5f5e36.jpeg
793,-0.08984827779429266,c99938305552565e.jpeg
794,0.46212162060692696,e2c6861206b898e2.jpeg
795,-0.2681026029104793,6dd2da4cca8f0727.jpeg
796,2.609817068800876,4bc09b1d64311107.jpeg
797,-1.7590389639489248,0a8a946d6eee9eb4.jpeg
798,-2.65331154134138,dfef8d998d8c894c.jpeg
799,-0.007212246531996629,c2080a4ae3221819.jpeg
800,-0.7180337028823418,4089e5e46b478500.jpeg
801,-2.6753468643523557,c141c0e020256562.jpeg
802,-2.6136415187555233,81e1d191b0d0dbd3.jpeg
803,-1.05930241742309,e6e8889fc36413b3.jpeg
804,-0.5113512474976539,ebcb4b43d4d473da.jpeg
805,-0.2909496338491252,7527a2a63c30da8e.jpeg
806,1.3273617143608307,b38293a7a7c01153.jpeg
807,2.6600393138054006,c86263d1b0346627.jpeg
808,-2.8942218872206675,d0e0f0d2596c3797.jpeg
809,2.9035197860452437,3634246670389c98.jpeg
810,-0.9466641617077128,00c0e63edacd4c51.jpeg
811,2.5069351378279845,9435ff9b1d54161b.jpeg
812,1.3175634547339785,d6a696b6f7bb73b7.jpeg
813,-2.9189580282914593,f1b3f87cc0989d93.jpeg
814,-1.9731542438657381,80e478393c9272dc.jpeg
815,3.4673664139984677,3b3b333b9b40c088.jpeg
816,-0.8168370919615704,4b4bf1f7cecbd647.jpeg
817,-0.9963275493281435,f3f2d4cadbddded3.jpeg
818,-1.920664859789797,c0e060ecb870677e.jpeg
819,-2.6645658893251816,4c6e662f26a627a6.jpeg
820,-1.7119654091468706,cc8c4c14385cc949.png
821,-0.4470147512855609,af2baa72b2b85ada.jpeg
822,4.80982409536455,47ddbc7cda1b8549.png
823,-2.442393364503321,30f65d09b132aae3.jpeg
824,-2.4497500325798303,c0e16116264d8c20.jpeg
825,4.221532427341659,fcf6beb4363832b8.jpeg
826,1.4680313866645331,0ea9c84146b696dc.jpeg
827,-2.3471663582886455,3ff7d797073363b7.jpeg
828,-1.6908923607259554,0c0ea5695be6eeec.jpeg
829,-2.554533625324141,66f4bdce49a04212.jpeg
830,-2.534367662147952,e4e1e3c2c5802121.jpeg
831,-0.6499721456139801,8d8d2d134cd6d1c3.jpeg
832,-2.111461624533353,8fbb696562d999b1.jpeg
833,-2.4831683146832684,4c0c0b19cd1b92c6.jpeg
834,0.8742396410793343,7cdcd85c8d233331.jpeg
835,-0.30153050264768194,34611b8bc3abc9e5.jpeg
836,-0.16861985514426112,4063436371a5a74b.jpeg
837,3.408620902428771,3839b998b8b8d035.jpeg
838,-0.05653935606104006,e028385533361f66.jpeg
839,-2.3489078861274986,a422c60675a5c491.jpeg
840,-3.6236939078738697,333223191935c858.jpeg
841,1.8534776627203506,40c089ece0616070.jpeg
842,-1.678767516993348,b2b3b3a3acececec.jpeg
843,0.35717186196128825,1f3f2d45e8d96d49.jpeg
844,-2.3224696850570723,313b4fe8e06b9c60.jpeg
845,-1.8078665587652407,f0f2debfeeb47ee4.jpeg
846,-1.1106085748816028,089bcccccccdcc0d.jpeg
847,-1.7184493633420428,b90fbab2224b4160.jpeg
848,-1.7739393986285643,e7e6cea3a3e38707.jpeg
849,1.7878092796243024,6656d6d6585bd7b1.jpeg
850,0.4370737571338961,3c4e4ecdc9929294.jpeg
851,4.403155340322833,d44848626458f874.jpeg
852,-0.2737181331265846,23a3a4602a939b81.jpeg
853,-1.8397871687476623,bf65c51989c69959.jpeg
854,-2.008439891431822,06463178f2f1e4a4.jpeg
855,1.2125181043878135,cfec2dc9c8d05968.jpeg
856,-1.7667196895787587,c0c1c3a7965396a6.jpeg
857,-2.2068974676483166,66244d5b54541f2a.jpeg
858,3.478479070665966,8191a3cecce96828.jpeg
859,-1.6713707637426594,e4c6607931697676.jpeg
860,-1.7607206319378135,b5e7d2f5e6968d11.png
861,2.793370118610766,8024cc948ca2a594.jpeg
862,-0.005113532874506135,0048a799b1b1999d.jpeg
863,-0.8845398329059215,fef2f2e6cb99ac9b.jpeg
864,1.5907652269628885,9a18010a30444c35.jpeg
865,1.4971304027489354,2f4fdbf366e6cb0b.jpeg
866,-3.288479122475425,eebe9ca7465675e0.jpeg
867,-1.9886650590235357,301395c1c9cbdc56.jpeg
868,3.327114085095883,1c1b91b4326d71b9.jpeg
869,2.592394977660856,f0b0b4a6dee6663e.jpeg
870,-1.8697377112742992,7278384c6c655517.jpeg
871,7.973155724371437,3e1331319939143c.png
872,2.256299303637611,9c96a268cc803676.png
873,-2.410365272561705,a5c4e49c862638b9.jpeg
874,7.241818647016522,87c7c7c7a4e56c6c.jpeg
875,-2.66225106484386,da97a5cd6c4cdedc.jpeg
876,-0.402624222317157,1a9e98d984c46563.jpeg
877,5.293676676340248,5b23a2d74fadcec7.png
878,-1.5096118563672427,f0e0ecd979b0954d.jpeg
879,-2.1259394345119977,666eace66e29381d.jpeg
880,-1.9537791086959944,a9afbbb167cf45f0.jpeg
881,-2.4393627619183404,2de9686931c2eac0.jpeg
882,-1.4986391188118406,6c8b2336905c4271.jpeg
883,-2.45145396319607,e8f4d3b4d074103c.jpeg
884,3.3432533089186975,da3b293036f6796c.jpeg
885,-0.9886488469912204,81c43131850a6619.jpeg
886,0.15809273050844513,bab3af8a82f293d3.jpeg
887,-1.6688434202139415,e06167fc3c9cecec.jpeg
888,-2.459824694368069,22089cd651c0e672.jpeg
889,-3.487872600946694,b292523253992925.jpeg
890,-1.8331504494757496,84931016a5e35279.jpeg
891,-2.090140630631107,86060e1313525b10.jpeg
892,5.720535243147731,3e3a3ab73eb8bc5d.jpeg
893,0.7098799208198114,a6213b2b23716969.jpeg
894,-2.2249851881013853,f6f2f96c74381bb1.jpeg
895,-1.6312920831099131,9898b2b3e4c49484.jpeg
896,-1.980342545961568,c2f2b3e62031b5d3.jpeg
897,-0.25422747566786086,98988dff9383a30b.jpeg
898,-0.08057805513177245,2427c9d4b7c6988c.jpeg
899,-0.8020841963571925,d8494832ccc4d0f8.jpeg
900,4.372386632936112,a686c2e0eca829c2.jpeg
901,-2.0671695144949336,e2e0f67e932263cb.jpeg
902,-0.9654323976109506,14e4a4f9f1e7d3fb.jpeg
903,-1.2773583774314217,767513bb63b546c7.jpeg
904,2.059093153008453,94ea6c64646464de.jpeg
905,6.542651986664168,6270707169a13935.jpeg
906,0.11056447560393666,64271bd8d8707171.jpeg
907,-2.1827704867140274,f2fafcb8da2920e4.jpeg
908,-1.9112850220183377,8a2aca552d8b552d.jpeg
909,-1.9138276901463556,f4e6e4caca012aeb.jpeg
910,-1.6192337837717206,8c4c6dedcca32a6c.jpeg
911,0.01852910585350232,636571575d155553.jpeg
912,4.64616421098796,e9e9e9e16b6bd8cd.jpeg
913,3.447268700721013,6e664b6c0e0f0b1b.jpeg
914,-2.0899944116737976,9414848d80e1c142.jpeg
915,-2.265185584251031,beb85a4652f0747c.jpeg
916,2.2036926610277465,b2dadb133397060b.jpeg
917,-2.5642449682094925,39b99cea6070785c.jpeg
918,3.6432255479784406,cef6f6bcccccbc8c.jpeg
919,-2.2626183456246247,f37164a4d456dbf8.jpeg
920,-1.1656806952201677,1b5cdb9c35f02019.jpeg
921,4.096114441361654,e3ee62b595420b9b.jpeg
922,-2.091096478053942,e0e0c3e6d6d6a7dc.jpeg
923,-1.3438056243923047,909a232c8d1a18e2.jpeg
924,0.3024087879538441,64a327232a4bdd5e.jpeg
925,4.526444671051621,0e1606068d2c0c80.jpeg
926,-3.407031644547161,280b9b682cddec9c.jpeg
927,2.2354033427571096,d9d9f3f2ccf1909d.jpeg
928,0.40903508937205224,13a0abbb9eb9f6cc.jpeg
929,3.699241091227889,e6e46461eced652d.jpeg
930,-1.4509381506611378,c5e8b0304492ded4.jpeg
931,3.5209330726175008,1af0c9aa12963768.jpeg
932,4.79761494089891,c1c189a8d8d8b07a.jpeg
933,-2.7769732329556986,9858d878b8bd7c30.jpeg
934,-1.8904397170368366,d0603b9ba4a4e7cf.jpeg
935,6.291176301117598,3a96b6b2d3bc2ef0.jpeg
936,-2.2576791988194076,fdfff73525a4002b.jpeg
937,2.197117343699231,584f73527666e8c8.jpeg
938,0.45252064404762443,13137376366e3713.jpeg
939,0.301808972746988,964f8f1d9d5f6fa1.jpeg
940,-3.1683397156879423,3d3cae62248c90f3.jpeg
941,1.7155513047857205,104e4e88c8c2eb30.jpeg
942,4.544685347692351,e3d393939b1b3989.jpeg
943,6.788995637276759,c8e092111969a9e9.jpeg
944,-0.517917831500352,8901e3995a6c95e3.jpeg
945,1.2871310249182506,9968ed6c688928ca.jpeg
946,5.374306898958222,200062781c870006.jpeg
947,5.383759487858932,79e5e05afb535b73.jpeg
948,0.8047830833704023,f0e0c8d1a684100c.jpeg
949,-1.498720182277265,8492a0a0a32379e6.jpeg
950,2.7817903858242334,8d81e2787cd6f354.jpeg
951,-1.813133337809487,f878f87ab9e9b82e.jpeg
952,-1.1812141206176636,6de9f8e0e98d9999.jpeg
953,0.4492574446335831,2f27c715189898a8.jpeg
954,-0.70911260481081,48b19393b3725333.jpeg
955,-2.4792799078426735,31395bf898aba686.jpeg
956,2.805959992969476,c6cec8e474362723.png
957,-0.39915081749690917,b6db972f5647060f.jpeg
958,-1.9134802605858718,9c969cd7b3f68d80.jpeg
959,-2.785777042603661,d89998b2d8903333.jpeg
960,-2.3537590716469357,2dd5eab732b293b8.jpeg
961,-2.167530042256063,f4f97bae7676d6f6.jpeg
962,2.9189542666243655,cdc97979373773f3.jpeg
963,-2.809087874633132,d9cd9c1e38302500.jpeg
964,-2.412432473625721,0400c84ccc4c48b2.jpeg
965,-1.5465204791719023,c4fa7ceef266660f.jpeg
966,-2.080920042807008,d3478ebc82ce3609.jpeg
967,5.549256484908392,110323f2f6de0b32.jpeg
968,1.0717220379105745,6868263d353d6963.jpeg
969,-1.1238013998430658,fb9d7b8228694e4a.jpeg
970,-0.9335657767077361,09e183d37b6f4d4e.jpeg
971,-0.30265435950640623,04763f1793071933.jpeg
972,0.5010250895954557,938fcec35141d194.jpeg
973,-0.22586710279391434,565ee81a95b5e424.jpeg
974,-2.033419732753585,7262e2e1f0f9acb2.jpeg
975,3.968551222697263,38b8b0e0e50384e3.jpeg
976,-2.443242656251603,a4c4c28ce1e26060.jpeg
977,-1.1699339367095043,f4f4f0f967f8193c.jpeg
978,-0.6030062897574431,3d3d1f6b2f3c6c2c.jpeg
979,-1.9493821752863938,1715171f3dcab42b.jpeg
980,3.617451197952851,a6c6c6be343898c5.jpeg
981,-0.7810536645057103,eccce8b151c35134.jpeg
982,2.399825256497325,e8f0c20f31edbeb8.jpeg
983,-1.5114132936345268,edcbb3336b49b326.jpeg
984,-3.060562079437293,fcf8fecefcb466b6.jpeg
985,6.615566063856192,44004d4893990091.jpeg
986,0.4869756533815067,d0e8e8f8b86a484c.jpeg
987,4.937316979209605,a72f4b591b4b5a52.jpeg
988,-2.3786700496415993,485cb79f9fe88aa6.jpeg
989,0.6946289564885447,3434799af2e20280.jpeg
990,-2.8379166397541344,98787cec62269686.jpeg
991,-1.4995905436855657,0e0e0e5627abdb81.jpeg
992,-2.8320549560638875,71e15112383cae55.jpeg
993,1.3979539458015686,db1ddb579747cf99.jpeg
994,4.936621065721297,23c2ecee6f7c34b6.jpeg
995,3.497472297104465,6c3e3a79f9f2f878.jpeg
996,1.1542842766725485,711747e969e8c201.jpeg
997,-3.3426616151172004,313339f939a6a343.jpeg
998,0.5236330183842898,5833339b26761ada.jpeg
999,5.906844664308401,9f9bb191d999ccdc.jpeg
